Domain Code,Domain,Area Code (M49),Area,Element Code,Element,Item Code (CPC),Item,Year Code,Year,Unit,Value,Flag,Flag Description,Note
"QCL","Crops and livestock products","356","India","5412","Yield","01654","Anise, badian, coriander, cumin, caraway, fennel and juniper berries, raw","2021","2021","kg/ha","998.4","A","Official figure",""
"QCL","Crops and livestock products","356","India","5412","Yield","01654","Anise, badian, coriander, cumin, caraway, fennel and juniper berries, raw","2022","2022","kg/ha","1009.4","E","Estimated value",""
"QCL","Crops and livestock products","356","India","5412","Yield","01654","Anise, badian, coriander, cumin, caraway, fennel and juniper berries, raw","2023","2023","kg/ha","1026.4","E","Estimated value",""
"QCL","Crops and livestock products","356","India","5412","Yield","01341","Apples","2021","2021","kg/ha","7271.6","A","Official figure",""
"QCL","Crops and livestock products","356","India","5412","Yield","01341","Apples","2022","2022","kg/ha","8219","A","Official figure",""
"QCL","Crops and livestock products","356","India","5412","Yield","01341","Apples","2023","2023","kg/ha","9460.5","A","Official figure",""
"QCL","Crops and livestock products","356","India","5412","Yield","01343","Apricots","2021","2021","kg/ha","2808.2","E","Estimated value",""
"QCL","Crops and livestock products","356","India","5412","Yield","01343","Apricots","2022","2022","kg/ha","2806.5","E","Estimated value",""
"QCL","Crops and livestock products","356","India","5412","Yield","01343","Apricots","2023","2023","kg/ha","2846.8","E","Estimated value",""
"QCL","Crops and livestock products","356","India","5412","Yield","01379.01","Areca nuts","2021","2021","kg/ha","1968.5","A","Official figure",""
"QCL","Crops and livestock products","356","India","5412","Yield","01379.01","Areca nuts","2022","2022","kg/ha","1962.3","A","Official figure",""
"QCL","Crops and livestock products","356","India","5412","Yield","01379.01","Areca nuts","2023","2023","kg/ha","1459.5","A","Official figure",""
"QCL","Crops and livestock products","356","India","5412","Yield","01312","Bananas","2021","2021","kg/ha","35781.4","A","Official figure",""
"QCL","Crops and livestock products","356","India","5412","Yield","01312","Bananas","2022","2022","kg/ha","35854.6","A","Official figure",""
"QCL","Crops and livestock products","356","India","5412","Yield","01312","Bananas","2023","2023","kg/ha","36835","A","Official figure",""
"QCL","Crops and livestock products","356","India","5412","Yield","0115","Barley","2021","2021","kg/ha","2795.7","A","Official figure",""
"QCL","Crops and livestock products","356","India","5412","Yield","0115","Barley","2022","2022","kg/ha","3025.1","A","Official figure",""
"QCL","Crops and livestock products","356","India","5412","Yield","0115","Barley","2023","2023","kg/ha","3044.5","A","Official figure",""
"QCL","Crops and livestock products","356","India","5412","Yield","01701","Beans, dry","2021","2021","kg/ha","415.8","E","Estimated value",""
"QCL","Crops and livestock products","356","India","5412","Yield","01701","Beans, dry","2022","2022","kg/ha","416.4","E","Estimated value",""
"QCL","Crops and livestock products","356","India","5412","Yield","01701","Beans, dry","2023","2023","kg/ha","417.1","E","Estimated value",""
"QCL","Crops and livestock products","356","India","5412","Yield","01212","Cabbages","2021","2021","kg/ha","23203.9","A","Official figure",""
"QCL","Crops and livestock products","356","India","5412","Yield","01212","Cabbages","2022","2022","kg/ha","23227","A","Official figure",""
"QCL","Crops and livestock products","356","India","5412","Yield","01212","Cabbages","2023","2023","kg/ha","23207.9","A","Official figure",""
"QCL","Crops and livestock products","356","India","5412","Yield","01229","Cantaloupes and other melons","2021","2021","kg/ha","19706.7","A","Official figure",""
"QCL","Crops and livestock products","356","India","5412","Yield","01229","Cantaloupes and other melons","2022","2022","kg/ha","22029.4","A","Official figure",""
"QCL","Crops and livestock products","356","India","5412","Yield","01229","Cantaloupes and other melons","2023","2023","kg/ha","22029.4","A","Official figure",""
"QCL","Crops and livestock products","356","India","5412","Yield","01372","Cashew nuts, in shell","2021","2021","kg/ha","636.8","A","Official figure",""
"QCL","Crops and livestock products","356","India","5412","Yield","01372","Cashew nuts, in shell","2022","2022","kg/ha","635.1","A","Official figure",""
"QCL","Crops and livestock products","356","India","5412","Yield","01372","Cashew nuts, in shell","2023","2023","kg/ha","654.4","A","Official figure",""
"QCL","Crops and livestock products","356","India","5412","Yield","01520.01","Cassava, fresh","2021","2021","kg/ha","37929","A","Official figure",""
"QCL","Crops and livestock products","356","India","5412","Yield","01520.01","Cassava, fresh","2022","2022","kg/ha","36122.1","A","Official figure",""
"QCL","Crops and livestock products","356","India","5412","Yield","01520.01","Cassava, fresh","2023","2023","kg/ha","35771.1","A","Official figure",""
"QCL","Crops and livestock products","356","India","5412","Yield","01447","Castor oil seeds","2021","2021","kg/ha","1855.7","A","Official figure",""
"QCL","Crops and livestock products","356","India","5412","Yield","01447","Castor oil seeds","2022","2022","kg/ha","1948","A","Official figure",""
"QCL","Crops and livestock products","356","India","5412","Yield","01447","Castor oil seeds","2023","2023","kg/ha","1942.3","A","Official figure",""
"QCL","Crops and livestock products","356","India","5412","Yield","01213","Cauliflowers and broccoli","2021","2021","kg/ha","19503.2","A","Official figure",""
"QCL","Crops and livestock products","356","India","5412","Yield","01213","Cauliflowers and broccoli","2022","2022","kg/ha","19887.7","A","Official figure",""
"QCL","Crops and livestock products","356","India","5412","Yield","01213","Cauliflowers and broccoli","2023","2023","kg/ha","19446","A","Official figure",""
"QCL","Crops and livestock products","356","India","5412","Yield","01344.02","Cherries","2021","2021","kg/ha","3010","E","Estimated value",""
"QCL","Crops and livestock products","356","India","5412","Yield","01344.02","Cherries","2022","2022","kg/ha","2927.5","E","Estimated value",""
"QCL","Crops and livestock products","356","India","5412","Yield","01344.02","Cherries","2023","2023","kg/ha","2987.2","E","Estimated value",""
"QCL","Crops and livestock products","356","India","5412","Yield","01703","Chick peas, dry","2021","2021","kg/ha","1191.6","A","Official figure",""
"QCL","Crops and livestock products","356","India","5412","Yield","01703","Chick peas, dry","2022","2022","kg/ha","1261","A","Official figure",""
"QCL","Crops and livestock products","356","India","5412","Yield","01703","Chick peas, dry","2023","2023","kg/ha","1171.6","A","Official figure",""
"QCL","Crops and livestock products","356","India","5412","Yield","01652","Chillies and peppers, dry (Capsicum spp., Pimenta spp.), raw","2021","2021","kg/ha","2918.8","A","Official figure",""
"QCL","Crops and livestock products","356","India","5412","Yield","01652","Chillies and peppers, dry (Capsicum spp., Pimenta spp.), raw","2022","2022","kg/ha","2764","A","Official figure",""
"QCL","Crops and livestock products","356","India","5412","Yield","01652","Chillies and peppers, dry (Capsicum spp., Pimenta spp.), raw","2023","2023","kg/ha","3265.3","A","Official figure",""
"QCL","Crops and livestock products","356","India","5412","Yield","01231","Chillies and peppers, green (Capsicum spp. and Pimenta spp.)","2021","2021","kg/ha","8504.6","E","Estimated value",""
"QCL","Crops and livestock products","356","India","5412","Yield","01231","Chillies and peppers, green (Capsicum spp. and Pimenta spp.)","2022","2022","kg/ha","8531","E","Estimated value",""
"QCL","Crops and livestock products","356","India","5412","Yield","01231","Chillies and peppers, green (Capsicum spp. and Pimenta spp.)","2023","2023","kg/ha","8578.4","E","Estimated value",""
"QCL","Crops and livestock products","356","India","5412","Yield","01640","Cocoa beans","2021","2021","kg/ha","262.1","A","Official figure",""
"QCL","Crops and livestock products","356","India","5412","Yield","01640","Cocoa beans","2022","2022","kg/ha","264.2","A","Official figure",""
"QCL","Crops and livestock products","356","India","5412","Yield","01640","Cocoa beans","2023","2023","kg/ha","275.2","A","Official figure",""
"QCL","Crops and livestock products","356","India","5412","Yield","01460","Coconuts, in shell","2021","2021","kg/ha","6503.4","A","Official figure",""
"QCL","Crops and livestock products","356","India","5412","Yield","01460","Coconuts, in shell","2022","2022","kg/ha","6182.5","A","Official figure",""
"QCL","Crops and livestock products","356","India","5412","Yield","01460","Coconuts, in shell","2023","2023","kg/ha","6220","A","Official figure",""
"QCL","Crops and livestock products","356","India","5412","Yield","01610","Coffee, green","2021","2021","kg/ha","789.7","A","Official figure",""
"QCL","Crops and livestock products","356","India","5412","Yield","01610","Coffee, green","2022","2022","kg/ha","774.2","E","Estimated value",""
"QCL","Crops and livestock products","356","India","5412","Yield","01610","Coffee, green","2023","2023","kg/ha","760.2","E","Estimated value",""
"QCL","Crops and livestock products","356","India","5412","Yield","01232","Cucumbers and gherkins","2021","2021","kg/ha","6357.9","E","Estimated value",""
"QCL","Crops and livestock products","356","India","5412","Yield","01232","Cucumbers and gherkins","2022","2022","kg/ha","6375.9","E","Estimated value",""
"QCL","Crops and livestock products","356","India","5412","Yield","01232","Cucumbers and gherkins","2023","2023","kg/ha","6407.8","E","Estimated value",""
"QCL","Crops and livestock products","356","India","5412","Yield","01233","Eggplants (aubergines)","2021","2021","kg/ha","17188.3","A","Official figure",""
"QCL","Crops and livestock products","356","India","5412","Yield","01233","Eggplants (aubergines)","2022","2022","kg/ha","18911.1","A","Official figure",""
"QCL","Crops and livestock products","356","India","5412","Yield","01233","Eggplants (aubergines)","2023","2023","kg/ha","18784.1","A","Official figure",""
"QCL","Crops and livestock products","356","India","5412","Yield","01315","Figs","2021","2021","kg/ha","2523.3","E","Estimated value",""
"QCL","Crops and livestock products","356","India","5412","Yield","01315","Figs","2022","2022","kg/ha","2516.7","E","Estimated value",""
"QCL","Crops and livestock products","356","India","5412","Yield","01315","Figs","2023","2023","kg/ha","2507.8","E","Estimated value",""
"QCL","Crops and livestock products","356","India","5412","Yield","01657","Ginger, raw","2021","2021","kg/ha","10853.7","A","Official figure",""
"QCL","Crops and livestock products","356","India","5412","Yield","01657","Ginger, raw","2022","2022","kg/ha","11497.4","A","Official figure",""
"QCL","Crops and livestock products","356","India","5412","Yield","01657","Ginger, raw","2023","2023","kg/ha","11523.6","A","Official figure",""
"QCL","Crops and livestock products","356","India","5412","Yield","01330","Grapes","2021","2021","kg/ha","21664.5","A","Official figure",""
"QCL","Crops and livestock products","356","India","5412","Yield","01330","Grapes","2022","2022","kg/ha","20865","A","Official figure",""
"QCL","Crops and livestock products","356","India","5412","Yield","01330","Grapes","2023","2023","kg/ha","22130.2","A","Official figure",""
"QCL","Crops and livestock products","356","India","5412","Yield","01252","Green garlic","2021","2021","kg/ha","8137.8","A","Official figure",""
"QCL","Crops and livestock products","356","India","5412","Yield","01252","Green garlic","2022","2022","kg/ha","8162.8","A","Official figure",""
"QCL","Crops and livestock products","356","India","5412","Yield","01252","Green garlic","2023","2023","kg/ha","7994","E","Estimated value",""
"QCL","Crops and livestock products","356","India","5412","Yield","0142","Groundnuts, excluding shelled","2021","2021","kg/ha","1703.1","A","Official figure",""
"QCL","Crops and livestock products","356","India","5412","Yield","0142","Groundnuts, excluding shelled","2022","2022","kg/ha","1776.6","A","Official figure",""
"QCL","Crops and livestock products","356","India","5412","Yield","0142","Groundnuts, excluding shelled","2023","2023","kg/ha","2075.5","A","Official figure",""
"QCL","Crops and livestock products","356","India","5412","Yield","01922.01","Jute, raw or retted","2021","2021","kg/ha","2591.5","A","Official figure",""
"QCL","Crops and livestock products","356","India","5412","Yield","01922.01","Jute, raw or retted","2022","2022","kg/ha","2792.5","A","Official figure",""
"QCL","Crops and livestock products","356","India","5412","Yield","01922.01","Jute, raw or retted","2023","2023","kg/ha","2613.6","A","Official figure",""
"QCL","Crops and livestock products","356","India","5412","Yield","01922.02","Kenaf, and other textile bast fibres, raw or retted","2021","2021","kg/ha","1177.2","E","Estimated value",""
"QCL","Crops and livestock products","356","India","5412","Yield","01922.02","Kenaf, and other textile bast fibres, raw or retted","2022","2022","kg/ha","1175.6","E","Estimated value",""
"QCL","Crops and livestock products","356","India","5412","Yield","01922.02","Kenaf, and other textile bast fibres, raw or retted","2023","2023","kg/ha","1176.9","E","Estimated value",""
"QCL","Crops and livestock products","356","India","5412","Yield","01322","Lemons and limes","2021","2021","kg/ha","10850.2","A","Official figure",""
"QCL","Crops and livestock products","356","India","5412","Yield","01322","Lemons and limes","2022","2022","kg/ha","12063.9","A","Official figure",""
"QCL","Crops and livestock products","356","India","5412","Yield","01322","Lemons and limes","2023","2023","kg/ha","12137.8","A","Official figure",""
"QCL","Crops and livestock products","356","India","5412","Yield","01704","Lentils, dry","2021","2021","kg/ha","1017.4","A","Official figure",""
"QCL","Crops and livestock products","356","India","5412","Yield","01704","Lentils, dry","2022","2022","kg/ha","898.7","A","Official figure",""
"QCL","Crops and livestock products","356","India","5412","Yield","01704","Lentils, dry","2023","2023","kg/ha","952.3","A","Official figure",""
"QCL","Crops and livestock products","356","India","5412","Yield","01214","Lettuce and chicory","2021","2021","kg/ha","6391.4","E","Estimated value",""
"QCL","Crops and livestock products","356","India","5412","Yield","01214","Lettuce and chicory","2022","2022","kg/ha","6415.3","E","Estimated value",""
"QCL","Crops and livestock products","356","India","5412","Yield","01214","Lettuce and chicory","2023","2023","kg/ha","6451.4","E","Estimated value",""
"QCL","Crops and livestock products","356","India","5412","Yield","01441","Linseed","2021","2021","kg/ha","636.8","A","Official figure",""
"QCL","Crops and livestock products","356","India","5412","Yield","01441","Linseed","2022","2022","kg/ha","642.1","A","Official figure",""
"QCL","Crops and livestock products","356","India","5412","Yield","01441","Linseed","2023","2023","kg/ha","698.5","A","Official figure",""
"QCL","Crops and livestock products","356","India","5412","Yield","0112","Maize (corn)","2021","2021","kg/ha","3199.3","A","Official figure",""
"QCL","Crops and livestock products","356","India","5412","Yield","0112","Maize (corn)","2022","2022","kg/ha","3387.2","A","Official figure",""
"QCL","Crops and livestock products","356","India","5412","Yield","0112","Maize (corn)","2023","2023","kg/ha","3544.9","A","Official figure",""
"QCL","Crops and livestock products","356","India","5412","Yield","01316","Mangoes, guavas and mangosteens","2021","2021","kg/ha","9511.6","A","Official figure",""
"QCL","Crops and livestock products","356","India","5412","Yield","01316","Mangoes, guavas and mangosteens","2022","2022","kg/ha","9726","A","Official figure",""
"QCL","Crops and livestock products","356","India","5412","Yield","01316","Mangoes, guavas and mangosteens","2023","2023","kg/ha","9724.2","A","Official figure",""
"QCL","Crops and livestock products","356","India","5412","Yield","0118","Millet","2021","2021","kg/ha","1427.1","A","Official figure",""
"QCL","Crops and livestock products","356","India","5412","Yield","0118","Millet","2022","2022","kg/ha","1396","A","Official figure",""
"QCL","Crops and livestock products","356","India","5412","Yield","0118","Millet","2023","2023","kg/ha","1474","A","Official figure",""
"QCL","Crops and livestock products","356","India","5412","Yield","01950.01","Natural rubber in primary forms","2021","2021","kg/ha","2211.7","E","Estimated value",""
"QCL","Crops and livestock products","356","India","5412","Yield","01950.01","Natural rubber in primary forms","2022","2022","kg/ha","2238.4","E","Estimated value",""
"QCL","Crops and livestock products","356","India","5412","Yield","01950.01","Natural rubber in primary forms","2023","2023","kg/ha","2265.1","E","Estimated value",""
"QCL","Crops and livestock products","356","India","5412","Yield","01653","Nutmeg, mace, cardamoms, raw","2021","2021","kg/ha","458.7","A","Official figure",""
"QCL","Crops and livestock products","356","India","5412","Yield","01653","Nutmeg, mace, cardamoms, raw","2022","2022","kg/ha","504.6","A","Official figure",""
"QCL","Crops and livestock products","356","India","5412","Yield","01653","Nutmeg, mace, cardamoms, raw","2023","2023","kg/ha","486.5","A","Official figure",""
"QCL","Crops and livestock products","356","India","5412","Yield","01239.01","Okra","2021","2021","kg/ha","12177","A","Official figure",""
"QCL","Crops and livestock products","356","India","5412","Yield","01239.01","Okra","2022","2022","kg/ha","12496.4","A","Official figure",""
"QCL","Crops and livestock products","356","India","5412","Yield","01239.01","Okra","2023","2023","kg/ha","13038.3","A","Official figure",""
"QCL","Crops and livestock products","356","India","5412","Yield","01253.02","Onions and shallots, dry (excluding dehydrated)","2021","2021","kg/ha","16404.6","A","Official figure",""
"QCL","Crops and livestock products","356","India","5412","Yield","01253.02","Onions and shallots, dry (excluding dehydrated)","2022","2022","kg/ha","16325.1","A","Official figure",""
"QCL","Crops and livestock products","356","India","5412","Yield","01253.02","Onions and shallots, dry (excluding dehydrated)","2023","2023","kg/ha","17360.9","A","Official figure",""
"QCL","Crops and livestock products","356","India","5412","Yield","01323","Oranges","2021","2021","kg/ha","17465.2","A","Official figure",""
"QCL","Crops and livestock products","356","India","5412","Yield","01323","Oranges","2022","2022","kg/ha","17083.3","A","Official figure",""
"QCL","Crops and livestock products","356","India","5412","Yield","01323","Oranges","2023","2023","kg/ha","17000","A","Official figure",""
"QCL","Crops and livestock products","356","India","5412","Yield","01241.90","Other beans, green","2021","2021","kg/ha","2836.3","E","Estimated value",""
"QCL","Crops and livestock products","356","India","5412","Yield","01241.90","Other beans, green","2022","2022","kg/ha","2837.7","E","Estimated value",""
"QCL","Crops and livestock products","356","India","5412","Yield","01241.90","Other beans, green","2023","2023","kg/ha","2838.4","E","Estimated value",""
"QCL","Crops and livestock products","356","India","5412","Yield","01355.90","Other berries and fruits of the genus vaccinium n.e.c.","2021","2021","kg/ha","6957.5","E","Estimated value",""
"QCL","Crops and livestock products","356","India","5412","Yield","01355.90","Other berries and fruits of the genus vaccinium n.e.c.","2022","2022","kg/ha","6886.2","E","Estimated value",""
"QCL","Crops and livestock products","356","India","5412","Yield","01355.90","Other berries and fruits of the genus vaccinium n.e.c.","2023","2023","kg/ha","6900.1","E","Estimated value",""
"QCL","Crops and livestock products","356","India","5412","Yield","01329","Other citrus fruit, n.e.c.","2021","2021","kg/ha","6350.6","A","Official figure",""
"QCL","Crops and livestock products","356","India","5412","Yield","01329","Other citrus fruit, n.e.c.","2022","2022","kg/ha","7592.2","A","Official figure",""
"QCL","Crops and livestock products","356","India","5412","Yield","01329","Other citrus fruit, n.e.c.","2023","2023","kg/ha","7350.5","A","Official figure",""
"QCL","Crops and livestock products","356","India","5412","Yield","01359.90","Other fruits, n.e.c.","2021","2021","kg/ha","8289.7","E","Estimated value",""
"QCL","Crops and livestock products","356","India","5412","Yield","01359.90","Other fruits, n.e.c.","2022","2022","kg/ha","8567.1","E","Estimated value",""
"QCL","Crops and livestock products","356","India","5412","Yield","01359.90","Other fruits, n.e.c.","2023","2023","kg/ha","8655.7","E","Estimated value",""
"QCL","Crops and livestock products","356","India","5412","Yield","01449.90","Other oil seeds, n.e.c.","2021","2021","kg/ha","312.4","E","Estimated value",""
"QCL","Crops and livestock products","356","India","5412","Yield","01449.90","Other oil seeds, n.e.c.","2022","2022","kg/ha","313.1","E","Estimated value",""
"QCL","Crops and livestock products","356","India","5412","Yield","01449.90","Other oil seeds, n.e.c.","2023","2023","kg/ha","313.8","E","Estimated value",""
"QCL","Crops and livestock products","356","India","5412","Yield","01709.90","Other pulses n.e.c.","2021","2021","kg/ha","438.5","E","Estimated value",""
"QCL","Crops and livestock products","356","India","5412","Yield","01709.90","Other pulses n.e.c.","2022","2022","kg/ha","438.5","E","Estimated value",""
"QCL","Crops and livestock products","356","India","5412","Yield","01709.90","Other pulses n.e.c.","2023","2023","kg/ha","438.2","E","Estimated value",""
"QCL","Crops and livestock products","356","India","5412","Yield","01699","Other stimulant, spice and aromatic crops, n.e.c.","2021","2021","kg/ha","2205.9","E","Estimated value",""
"QCL","Crops and livestock products","356","India","5412","Yield","01699","Other stimulant, spice and aromatic crops, n.e.c.","2022","2022","kg/ha","2117","E","Estimated value",""
"QCL","Crops and livestock products","356","India","5412","Yield","01699","Other stimulant, spice and aromatic crops, n.e.c.","2023","2023","kg/ha","2114","E","Estimated value",""
"QCL","Crops and livestock products","356","India","5412","Yield","01349.20","Other stone fruits","2021","2021","kg/ha","3952.1","E","Estimated value",""
"QCL","Crops and livestock products","356","India","5412","Yield","01349.20","Other stone fruits","2022","2022","kg/ha","3919.2","E","Estimated value",""
"QCL","Crops and livestock products","356","India","5412","Yield","01349.20","Other stone fruits","2023","2023","kg/ha","3913.8","E","Estimated value",""
"QCL","Crops and livestock products","356","India","5412","Yield","01319","Other tropical fruits, n.e.c.","2021","2021","kg/ha","13040.5","E","Estimated value",""
"QCL","Crops and livestock products","356","India","5412","Yield","01319","Other tropical fruits, n.e.c.","2022","2022","kg/ha","13081.7","E","Estimated value",""
"QCL","Crops and livestock products","356","India","5412","Yield","01319","Other tropical fruits, n.e.c.","2023","2023","kg/ha","13020.2","E","Estimated value",""
"QCL","Crops and livestock products","356","India","5412","Yield","01290.90","Other vegetables, fresh n.e.c.","2021","2021","kg/ha","14268","E","Estimated value",""
"QCL","Crops and livestock products","356","India","5412","Yield","01290.90","Other vegetables, fresh n.e.c.","2022","2022","kg/ha","14293.7","E","Estimated value",""
"QCL","Crops and livestock products","356","India","5412","Yield","01290.90","Other vegetables, fresh n.e.c.","2023","2023","kg/ha","14386.5","E","Estimated value",""
"QCL","Crops and livestock products","356","India","5412","Yield","01317","Papayas","2021","2021","kg/ha","37945.2","A","Official figure",""
"QCL","Crops and livestock products","356","India","5412","Yield","01317","Papayas","2022","2022","kg/ha","35606.7","A","Official figure",""
"QCL","Crops and livestock products","356","India","5412","Yield","01317","Papayas","2023","2023","kg/ha","35405.4","A","Official figure",""
"QCL","Crops and livestock products","356","India","5412","Yield","01342.01","Pears","2021","2021","kg/ha","6571.4","A","Official figure",""
"QCL","Crops and livestock products","356","India","5412","Yield","01342.01","Pears","2022","2022","kg/ha","7022.7","A","Official figure",""
"QCL","Crops and livestock products","356","India","5412","Yield","01342.01","Pears","2023","2023","kg/ha","7742.9","A","Official figure",""
"QCL","Crops and livestock products","356","India","5412","Yield","01705","Peas, dry","2021","2021","kg/ha","1374.8","A","Official figure",""
"QCL","Crops and livestock products","356","India","5412","Yield","01705","Peas, dry","2022","2022","kg/ha","1318.2","A","Official figure",""
"QCL","Crops and livestock products","356","India","5412","Yield","01705","Peas, dry","2023","2023","kg/ha","1352.1","A","Official figure",""
"QCL","Crops and livestock products","356","India","5412","Yield","01242","Peas, green","2021","2021","kg/ha","10310.4","A","Official figure",""
"QCL","Crops and livestock products","356","India","5412","Yield","01242","Peas, green","2022","2022","kg/ha","10478","A","Official figure",""
"QCL","Crops and livestock products","356","India","5412","Yield","01242","Peas, green","2023","2023","kg/ha","10824.3","A","Official figure",""
"QCL","Crops and livestock products","356","India","5412","Yield","01651","Pepper (Piper spp.), raw","2021","2021","kg/ha","484.6","E","Estimated value",""
"QCL","Crops and livestock products","356","India","5412","Yield","01651","Pepper (Piper spp.), raw","2022","2022","kg/ha","501.9","E","Estimated value",""
"QCL","Crops and livestock products","356","India","5412","Yield","01651","Pepper (Piper spp.), raw","2023","2023","kg/ha","519","E","Estimated value",""
"QCL","Crops and livestock products","356","India","5412","Yield","01707","Pigeon peas, dry","2021","2021","kg/ha","913.5","A","Official figure",""
"QCL","Crops and livestock products","356","India","5412","Yield","01707","Pigeon peas, dry","2022","2022","kg/ha","861.2","A","Official figure",""
"QCL","Crops and livestock products","356","India","5412","Yield","01707","Pigeon peas, dry","2023","2023","kg/ha","814","A","Official figure",""
"QCL","Crops and livestock products","356","India","5412","Yield","01318","Pineapples","2021","2021","kg/ha","16971.7","A","Official figure",""
"QCL","Crops and livestock products","356","India","5412","Yield","01318","Pineapples","2022","2022","kg/ha","17138.9","A","Official figure",""
"QCL","Crops and livestock products","356","India","5412","Yield","01318","Pineapples","2023","2023","kg/ha","16925.9","A","Official figure",""
"QCL","Crops and livestock products","356","India","5412","Yield","01510","Potatoes","2021","2021","kg/ha","24123.7","A","Official figure",""
"QCL","Crops and livestock products","356","India","5412","Yield","01510","Potatoes","2022","2022","kg/ha","25236.3","A","Official figure",""
"QCL","Crops and livestock products","356","India","5412","Yield","01510","Potatoes","2023","2023","kg/ha","25789.9","A","Official figure",""
"QCL","Crops and livestock products","356","India","5412","Yield","01443","Rape or colza seed","2021","2021","kg/ha","1523.9","A","Official figure",""
"QCL","Crops and livestock products","356","India","5412","Yield","01443","Rape or colza seed","2022","2022","kg/ha","1497","A","Official figure",""
"QCL","Crops and livestock products","356","India","5412","Yield","01443","Rape or colza seed","2023","2023","kg/ha","1428.4","A","Official figure",""
"QCL","Crops and livestock products","356","India","5412","Yield","0113","Rice","2021","2021","kg/ha","4196.2","A","Official figure",""
"QCL","Crops and livestock products","356","India","5412","Yield","0113","Rice","2022","2022","kg/ha","4257.1","A","Official figure",""
"QCL","Crops and livestock products","356","India","5412","Yield","0113","Rice","2023","2023","kg/ha","4322.3","A","Official figure",""
"QCL","Crops and livestock products","356","India","5412","Yield","01446","Safflower seed","2021","2021","kg/ha","640.4","A","Official figure",""
"QCL","Crops and livestock products","356","India","5412","Yield","01446","Safflower seed","2022","2022","kg/ha","776.9","A","Official figure",""
"QCL","Crops and livestock products","356","India","5412","Yield","01446","Safflower seed","2023","2023","kg/ha","826.3","A","Official figure",""
"QCL","Crops and livestock products","356","India","5412","Yield","01921.01","Seed cotton, unginned","2021","2021","kg/ha","1294.9","E","Estimated value",""
"QCL","Crops and livestock products","356","India","5412","Yield","01921.01","Seed cotton, unginned","2022","2022","kg/ha","1212.5","E","Estimated value",""
"QCL","Crops and livestock products","356","India","5412","Yield","01921.01","Seed cotton, unginned","2023","2023","kg/ha","1268.7","E","Estimated value",""
"QCL","Crops and livestock products","356","India","5412","Yield","01444","Sesame seed","2021","2021","kg/ha","474.2","A","Official figure",""
"QCL","Crops and livestock products","356","India","5412","Yield","01444","Sesame seed","2022","2022","kg/ha","484.8","A","Official figure",""
"QCL","Crops and livestock products","356","India","5412","Yield","01444","Sesame seed","2023","2023","kg/ha","526.7","A","Official figure",""
"QCL","Crops and livestock products","356","India","5412","Yield","0114","Sorghum","2021","2021","kg/ha","1099.2","A","Official figure",""
"QCL","Crops and livestock products","356","India","5412","Yield","0114","Sorghum","2022","2022","kg/ha","1092","A","Official figure",""
"QCL","Crops and livestock products","356","India","5412","Yield","0114","Sorghum","2023","2023","kg/ha","1079.1","A","Official figure",""
"QCL","Crops and livestock products","356","India","5412","Yield","0141","Soya beans","2021","2021","kg/ha","976.2","A","Official figure",""
"QCL","Crops and livestock products","356","India","5412","Yield","0141","Soya beans","2022","2022","kg/ha","1069.2","A","Official figure",""
"QCL","Crops and livestock products","356","India","5412","Yield","0141","Soya beans","2023","2023","kg/ha","1145.3","A","Official figure",""
"QCL","Crops and livestock products","356","India","5412","Yield","01802","Sugar cane","2021","2021","kg/ha","83566.2","A","Official figure",""
"QCL","Crops and livestock products","356","India","5412","Yield","01802","Sugar cane","2022","2022","kg/ha","84906.3","A","Official figure",""
"QCL","Crops and livestock products","356","India","5412","Yield","01802","Sugar cane","2023","2023","kg/ha","83348.7","A","Official figure",""
"QCL","Crops and livestock products","356","India","5412","Yield","01445","Sunflower seed","2021","2021","kg/ha","1010.8","A","Official figure",""
"QCL","Crops and livestock products","356","India","5412","Yield","01445","Sunflower seed","2022","2022","kg/ha","922.7","A","Official figure",""
"QCL","Crops and livestock products","356","India","5412","Yield","01445","Sunflower seed","2023","2023","kg/ha","996.4","A","Official figure",""
"QCL","Crops and livestock products","356","India","5412","Yield","01530","Sweet potatoes","2021","2021","kg/ha","10575.5","A","Official figure",""
"QCL","Crops and livestock products","356","India","5412","Yield","01530","Sweet potatoes","2022","2022","kg/ha","11065.4","A","Official figure",""
"QCL","Crops and livestock products","356","India","5412","Yield","01530","Sweet potatoes","2023","2023","kg/ha","11718.2","A","Official figure",""
"QCL","Crops and livestock products","356","India","5412","Yield","01324","Tangerines, mandarins, clementines","2021","2021","kg/ha","13037.7","A","Official figure",""
"QCL","Crops and livestock products","356","India","5412","Yield","01324","Tangerines, mandarins, clementines","2022","2022","kg/ha","13883.3","A","Official figure",""
"QCL","Crops and livestock products","356","India","5412","Yield","01324","Tangerines, mandarins, clementines","2023","2023","kg/ha","13430.4","A","Official figure",""
"QCL","Crops and livestock products","356","India","5412","Yield","01620","Tea leaves","2021","2021","kg/ha","9951.9","E","Estimated value",""
"QCL","Crops and livestock products","356","India","5412","Yield","01620","Tea leaves","2022","2022","kg/ha","10101.1","E","Estimated value",""
"QCL","Crops and livestock products","356","India","5412","Yield","01620","Tea leaves","2023","2023","kg/ha","10250.4","E","Estimated value",""
"QCL","Crops and livestock products","356","India","5412","Yield","01234","Tomatoes","2021","2021","kg/ha","25066.3","A","Official figure",""
"QCL","Crops and livestock products","356","India","5412","Yield","01234","Tomatoes","2022","2022","kg/ha","24548","A","Official figure",""
"QCL","Crops and livestock products","356","India","5412","Yield","01234","Tomatoes","2023","2023","kg/ha","24057.7","A","Official figure",""
"QCL","Crops and livestock products","356","India","5412","Yield","01970","Unmanufactured tobacco","2021","2021","kg/ha","1793.7","E","Estimated value",""
"QCL","Crops and livestock products","356","India","5412","Yield","01970","Unmanufactured tobacco","2022","2022","kg/ha","1808.5","E","Estimated value",""
"QCL","Crops and livestock products","356","India","5412","Yield","01970","Unmanufactured tobacco","2023","2023","kg/ha","1823.4","E","Estimated value",""
"QCL","Crops and livestock products","356","India","5412","Yield","01221","Watermelons","2021","2021","kg/ha","27344.5","A","Official figure",""
"QCL","Crops and livestock products","356","India","5412","Yield","01221","Watermelons","2022","2022","kg/ha","27566.7","A","Official figure",""
"QCL","Crops and livestock products","356","India","5412","Yield","01221","Watermelons","2023","2023","kg/ha","28777.8","A","Official figure",""
"QCL","Crops and livestock products","356","India","5412","Yield","0111","Wheat","2021","2021","kg/ha","3520.8","A","Official figure",""
"QCL","Crops and livestock products","356","India","5412","Yield","0111","Wheat","2022","2022","kg/ha","3537.3","A","Official figure",""
"QCL","Crops and livestock products","356","India","5412","Yield","0111","Wheat","2023","2023","kg/ha","3520.7","A","Official figure",""
